{"presets":{"Dragonfly":{"font_col_base":"#5d5d60","font_col_heads":"#212b36","font_col_link":"#b3793b","font_col_div":"#dbdad7","font_col_sale_price":"#bb3428","btn_col":"#212121","btn_col_txt":"#fdfdf9","font_col_shoptitle":"#212b36","logo_bg_col":"#faf9f5","header_bg_col":"#212b36","header_text_col":"#faf9f5","footer_bg_col":"#faf9f5","footer_text_col":"#212b36","panel_bg_col":"#faf9f5","panel_txt_pri_col":"#212b36","bg_col":"#faf9f5","coll_col_sale":"#dda63d","coll_col_sold":"#212b36","coll_col_gen":"#a9d1d6","type_base_font":"itc_franklin_gothic_n4","type_heading_font":"crimson_text_n6","type_nav_font":"karla_n7","type_logo_font":"karla_n7","font_size_base_int":14,"prod_block_qv":true,"show_grid_reviews":false,"prod_block_label_loc":"c","prod_label_sale_enabled":true,"prod_label_soldout_enabled":true,"prod_stock_warn_show":true,"prod_stock_warn_limit_int":5,"block_width_int":250,"block_gut_int":15,"adv_ratio":false,"prod_thumb_img_ratio":"150","search_type":"product"},"Chameleon":{"font_col_base":"#5b6169","font_col_heads":"#212121","font_col_link":"#512da8","font_col_div":"#e7e7e7","font_col_sale_price":"#bb3428","btn_col":"#212121","btn_col_txt":"#ffffff","font_col_shoptitle":"#212121","logo_bg_col":"#ffffff","header_bg_col":"#212121","header_text_col":"#ffffff","footer_bg_col":"#ffffff","footer_text_col":"#333333","panel_bg_col":"#ffffff","panel_txt_pri_col":"#212121","bg_col":"#ffffff","coll_col_sale":"#e91e63","coll_col_sold":"#607d8b","coll_col_gen":"#00bcd4","type_base_font":"cachet_n4","type_heading_font":"burlingame_n7","type_nav_font":"madera_n6","type_logo_font":"madera_n6","font_size_base_int":14,"prod_block_qv":true,"show_grid_reviews":false,"prod_block_label_loc":"c","prod_label_sale_enabled":true,"prod_label_soldout_enabled":true,"prod_stock_warn_show":true,"prod_stock_warn_limit_int":5,"block_width_int":250,"block_gut_int":15,"adv_ratio":true,"prod_thumb_img_ratio":"100","search_type":"product"},"Flamingo":{"font_col_base":"#43467f","font_col_heads":"#00044c","font_col_link":"#039be5","font_col_div":"#e7e7e7","font_col_sale_price":"#bb3428","btn_col":"#00044c","btn_col_txt":"#ffffff","font_col_shoptitle":"#00044c","logo_bg_col":"#88cefa","header_bg_col":"#00044c","header_text_col":"#ffffff","footer_bg_col":"#f5f5f5","footer_text_col":"#212b36","panel_bg_col":"#88cefa","panel_txt_pri_col":"#00044c","bg_col":"#ffffff","coll_col_sale":"#9c6ade","coll_col_sold":"#212b36","coll_col_gen":"#5c6ac4","type_base_font":"futura_n4","type_heading_font":"din_neuzeit_grotesk_n3","type_nav_font":"din_neuzeit_grotesk_n7","type_logo_font":"din_neuzeit_grotesk_n7","font_size_base_int":14,"prod_block_qv":true,"show_grid_reviews":false,"prod_block_label_loc":"c","prod_label_sale_enabled":true,"prod_label_soldout_enabled":true,"prod_stock_warn_show":true,"prod_stock_warn_limit_int":5,"block_width_int":250,"block_gut_int":15,"adv_ratio":false,"prod_thumb_img_ratio":"100","search_type":"product"},"Coyote":{"font_col_base":"#343434","font_col_heads":"#000000","font_col_link":"#f45902","font_col_div":"#e7e7e7","font_col_sale_price":"#bb3428","btn_col":"#f45902","btn_col_txt":"#ffffff","font_col_shoptitle":"#ffffff","logo_bg_col":"#141414","header_bg_col":"#f45902","header_text_col":"#ffffff","footer_bg_col":"#f5f5f5","footer_text_col":"#333333","panel_bg_col":"#141414","panel_txt_pri_col":"#ffffff","bg_col":"#ffffff","coll_col_sale":"#ff5555","coll_col_sold":"#141414","coll_col_gen":"#f45902","type_base_font":"gill_sans_nova_n4","type_heading_font":"rajdhani_n6","type_nav_font":"gill_sans_nova_n5","type_logo_font":"gill_sans_nova_n5","font_size_base_int":14,"prod_block_qv":true,"show_grid_reviews":false,"prod_block_label_loc":"c","prod_label_sale_enabled":true,"prod_label_soldout_enabled":true,"prod_stock_warn_show":true,"prod_stock_warn_limit_int":5,"block_width_int":250,"block_gut_int":15,"adv_ratio":true,"prod_thumb_img_ratio":"100","search_type":"product"}},"current":{"font_col_base":"#5b6169","font_col_heads":"#212121","font_col_link":"#512da8","font_col_div":"#e7e7e7","font_col_sale_price":"#bb3428","btn_col":"#212121","btn_col_txt":"#ffffff","font_col_shoptitle":"#212121","logo_bg_col":"#ffffff","header_bg_col":"#212121","header_text_col":"#ffffff","footer_bg_col":"#ffffff","footer_text_col":"#333333","panel_bg_col":"#ffffff","panel_txt_pri_col":"#212121","bg_col":"#ffffff","bg_image":"","bg_method":"repeatxy","bg_image_mobile":"","coll_col_sale":"#e91e63","coll_col_sold":"#607d8b","coll_col_gen":"#00bcd4","type_base_font":"cachet_n4","type_heading_font":"burlingame_n7","type_nav_font":"madera_n6","type_logo_font":"madera_n6","font_size_base_int":14,"prod_block_qv":true,"show_grid_reviews":false,"prod_block_label_loc":"c","prod_label_sale_enabled":true,"prod_label_soldout_enabled":true,"prod_stock_warn_show":true,"prod_stock_warn_limit_int":5,"block_width_int":250,"block_gut_int":15,"adv_ratio":true,"prod_thumb_img_ratio":"100","search_type":"product","favicon":"","social_twitter_url":"","social_facebook_url":"","social_pinterest_url":"","social_vimeo_url":"","social_youtube_url":"","social_instagram_url":"","social_custom_icon":"","social_custom_url":"","show_multiple_currencies":true,"currency_format":"money_with_currency_format","supported_currencies":"INR GBP CAD USD AUD EUR JPY","default_currency":"USD","checkout_header_image":"","checkout_logo_image":"","checkout_logo_position":"left","checkout_logo_size":"medium","checkout_body_background_image":"","checkout_body_background_color":"#fff","checkout_input_background_color_mode":"white","checkout_sidebar_background_image":"","checkout_sidebar_background_color":"#fafafa","checkout_heading_font":"-apple-system, BlinkMacSystemFont, 'Segoe UI', Roboto, Helvetica, Arial, sans-serif, 'Apple Color Emoji', 'Segoe UI Emoji', 'Segoe UI Symbol'","checkout_body_font":"-apple-system, BlinkMacSystemFont, 'Segoe UI', Roboto, Helvetica, Arial, sans-serif, 'Apple Color Emoji', 'Segoe UI Emoji', 'Segoe UI Symbol'","checkout_accent_color":"#197bbd","checkout_button_color":"#197bbd","checkout_error_color":"#e32c2b","sections":{"header":{"type":"header","settings":{"logo":"shopify:\/\/shop_images\/logo_shopify.png","use_logo_margin":false,"menu_linklist":"main-menu","sidebar_submenu_style":"out","show_nav_shadow":false,"show_nav_dividers":true,"nav_featured_link":"Sale","nav_featured_col":"#dd6666","header_full_width":false,"show_store_message":true,"store_message":"New Arrivals Now Online & In-store","store_message_url":""}},"footer":{"type":"footer","settings":{"menu_linklist":"footer","show_signup":true,"hide_signup_home":false,"show_signup_background_tint":true,"newsletter_title":"Inbox me!","newsletter_text":"<p>Sign up to our newsletter and we’ll keep you up to date with the latest arrivals<\/p>"}},"collection-template":{"type":"collection-template","settings":{"coll_num_per_page_int":32,"coll_infscr":false,"coll_show_sort":true,"coll_show_feat":true,"show_tagfilt_ungrouped":false,"show_tagfilt_custom1":true,"tagfilt_custom1_name":"Shop By Size","tagfilt_custom1_tags":"0,3,20,21,22,23,24,25,26,27,28,29,30,31,32,33,34,35,36,37,38,39,40,41,42,43,44,45,46,47,48,49","show_tagfilt_custom2":true,"tagfilt_custom2_name":"Shop by  Outer Color","tagfilt_custom2_tags":"Black,White,Red,Orange,Yellow,Red-medoc,Purple,Plum,Steel-blue,Royal-blue,Dark,blue,Brown,Yack-Brown,Baby-pink,Tibetan-grey,Turquoise","show_tagfilt_custom3":true,"tagfilt_custom3_name":"Shop by Inner Color","tagfilt_custom3_tags":"Lime,SkyBlue,Blue,Yellow,White,Tibetan Grey,Turquoise,Orange,Red-medoc,Brown,Light-pink,Soft-green","show_tagfilt_custom4":true,"tagfilt_custom4_name":"Shop by Dots Color","tagfilt_custom4_tags":"White,Black,Red,Red-medoc,Orange,Yellow,Soft-green,Grass-green,Grey,Lime","show_tagfilt_custom5":true,"tagfilt_custom5_name":"Shop by Decals Color","tagfilt_custom5_tags":"Ankle-star,Toe-star"}},"blog-template":{"type":"blog-template","settings":{"display_mode_list":false,"show_author":false,"block_width_int":250,"block_gut_int":15}},"product-template":{"type":"product-template","settings":{"prod_show_sku":false,"prod_show_vendor":false,"prod_show_type":true,"prod_show_tags":false,"prod_desc_under":true,"enable_ajax_add":true,"enable_payment_button":true,"show_size_chart":false,"size_chart_variant":"Size","size_chart_page":"","related_products_show":true}},"1478012417548":{"type":"featured-blog","settings":{"title":"Blog posts","blog":"","show_author":false}},"1478617204733":{"type":"slideshow","blocks":{"1479471967287":{"type":"image","settings":{"image":"shopify:\/\/shop_images\/everest_cozy_header_image_2-1.jpg","tint_color":"#3d4246","tint_opacity":25,"heading":"Slideshow","subheading":"Tell your story with images","button_text":"See more","overlay_position":"posy-middle posx-middle","overlay_color":"col-light","link_url":""}}},"block_order":["1479471967287"],"settings":{"type":"header","slide_delay":7,"slide_overlay_line1_size_int":60}},"1479310709089":{"type":"custom-row","blocks":{"1479310709089-0":{"type":"image","settings":{"image":"","link_url":"","tint_color":"#3d4246","tint_opacity":25,"text":"","link_text":"","color":"#ffffff","alignment":"center"}},"1479310709089-1":{"type":"image","settings":{"image":"","link_url":"","tint_color":"#3d4246","tint_opacity":25,"text":"","link_text":"","color":"#ffffff","alignment":"center"}},"1479310709089-2":{"type":"image","settings":{"image":"","link_url":"","tint_color":"#3d4246","tint_opacity":25,"text":"","link_text":"","color":"#ffffff","alignment":"center"}}},"block_order":["1479310709089-0","1479310709089-1","1479310709089-2"],"settings":{"title":"","subheading":""}},"1481722768807":{"type":"featured-collection","settings":{"title":"Featured collection","collection":"frontpage","row_count":"2"}},"1481722846884":{"type":"instagram","settings":{"title":"Instagram feed","access_token":"","show_hover":true,"overlay_bg_color":"#000000","overlay_text_color":"#ffffff"}},"1481722861363":{"type":"featured-text","settings":{"title":"Rich text","text":"<p>Use this text to share information about your brand with your customers. Describe a product, share announcements, or welcome customers to your store.<\/p>"}},"cart-template":{"type":"cart-template","settings":{"cart_terms_show":false,"cart_terms_page":"","shipping_calculator":"Disabled","shipping_calculator_default_country":"United States"}}},"content_for_index":["1478617204733","1481722861363","1481722768807","1478012417548","1479310709089","1481722846884"]}}