[
  {
    "name": "theme_info",
    "theme_name": "Masonry",
    "theme_author": "Clean Themes",
    "theme_version": "3.10.0",
    "theme_documentation_url": "http:\/\/cleanthemes.co.uk\/support\/masonry\/",
    "theme_support_url": "http:\/\/cleanthemes.co.uk\/support\/masonry\/"
  },
  {
    "name": "Colors",
    "settings": [
      {
        "type": "header",
        "content": "Text"
      },
      {
        "type": "color",
        "id": "font_col_base",
        "label": "Base text"
      },
      {
        "type": "color",
        "id": "font_col_heads",
        "label": "Headings"
      },
      {
        "type": "color",
        "id": "font_col_link",
        "label": "Links"
      },
      {
        "type": "color",
        "id": "font_col_div",
        "label": "Table lines and borders",
        "default": "#cccccc"
      },
      {
        "type": "color",
        "id": "font_col_sale_price",
        "label": "Sale price",
        "default": "#bb3428"
      },
      {
        "type": "header",
        "content": "Buttons"
      },
      {
        "type": "color",
        "id": "btn_col",
        "label": "Background"
      },
      {
        "type": "color",
        "id": "btn_col_txt",
        "label": "Text"
      },
      {
        "type": "header",
        "content": "Logo"
      },
      {
        "type": "color",
        "id": "font_col_shoptitle",
        "label": "Text",
        "info": "Also used for mobile header icons"
      },
      {
        "type": "color",
        "id": "logo_bg_col",
        "label": "Logo background color"
      },
      {
        "type": "header",
        "content": "Header"
      },
      {
        "type": "color",
        "id": "header_bg_col",
        "label": "Background",
        "default": "#f5f5f5"
      },
      {
        "type": "color",
        "id": "header_text_col",
        "label": "Text",
        "default": "#333333"
      },
      {
        "type": "header",
        "content": "Footer"
      },
      {
        "type": "color",
        "id": "footer_bg_col",
        "label": "Background",
        "default": "#f5f5f5"
      },
      {
        "type": "color",
        "id": "footer_text_col",
        "label": "Text",
        "default": "#333333"
      },
      {
        "type": "header",
        "content": "Sidebar"
      },
      {
        "type": "color",
        "id": "panel_bg_col",
        "label": "Background"
      },
      {
        "type": "color",
        "id": "panel_txt_pri_col",
        "label": "Text"
      },
      {
        "type": "header",
        "content": "Background"
      },
      {
        "type": "color",
        "id": "bg_col",
        "label": "Color"
      },
      {
        "type": "image_picker",
        "id": "bg_image",
        "label": "Image"
      },
      {
        "type": "select",
        "id": "bg_method",
        "label": "Image layout",
        "options": [
          {
            "value": "repeatxy",
            "label": "Tiled vertically + horizontally"
          },
          {
            "value": "centertop-repeatx",
            "label": "Aligned to top, tiled horizontally"
          },
          {
            "value": "centertop-norepeat",
            "label": "Aligned to top, centred, no tiling"
          },
          {
            "value": "full",
            "label": "Full-page"
          },
          {
            "value": "full-withmob",
            "label": "Full-page + tiled mobile alternative"
          }
        ]
      },
      {
        "type": "image_picker",
        "id": "bg_image_mobile",
        "label": "Custom mobile image (when using the tiled alternative)"
      },
      {
        "type": "header",
        "content": "Product labels"
      },
      {
        "type": "color",
        "id": "coll_col_sale",
        "label": "Sale",
        "default": "#FC4B3A"
      },
      {
        "type": "color",
        "id": "coll_col_sold",
        "label": "Sold out",
        "default": "#8090f0"
      },
      {
        "type": "color",
        "id": "coll_col_gen",
        "label": "Custom tag",
        "default": "#444444"
      }
    ]
  },
  {
    "name": "Typography",
    "settings": [
      {
        "type": "header",
        "content": "Font families"
      },
      {
        "type": "font_picker",
        "id": "type_base_font",
        "label": "Base",
        "default": "roboto_n4"
      },
      {
        "type": "font_picker",
        "id": "type_heading_font",
        "label": "Headings",
        "default": "roboto_n4"
      },
      {
        "type": "font_picker",
        "id": "type_nav_font",
        "label": "Navigation",
        "default": "roboto_n7"
      },
      {
        "type": "font_picker",
        "id": "type_logo_font",
        "label": "Store name",
        "default": "roboto_n4",
        "info": "If not using a logo image"
      },
      {
        "type": "range",
        "id": "font_size_base_int",
        "min": 12,
        "max": 18,
        "step": 1,
        "unit": "px",
        "label": "Base font size",
        "default": 14
      }
    ]
  },
  {
    "name": "Product grid",
    "settings": [
      {
        "type": "checkbox",
        "id": "prod_block_qv",
        "label": "Show quick view"
      },
      {
        "type": "checkbox",
        "id": "show_grid_reviews",
        "label": "Show product ratings",
        "info": "[Learn more](https://apps.shopify.com/product-reviews)",
        "default": false
      },
      {
        "type": "header",
        "content": "Labels"
      },
      {
        "type": "select",
        "id": "prod_block_label_loc",
        "label": "Overlay label location",
        "options": [
          {
            "value": "tr",
            "label": "Top right"
          },
          {
            "value": "c",
            "label": "Centre"
          },
          {
            "value": "br",
            "label": "Bottom right"
          }
        ]
      },
      {
        "type": "checkbox",
        "id": "prod_label_sale_enabled",
        "label": "Show sale"
      },
      {
        "type": "checkbox",
        "id": "prod_label_soldout_enabled",
        "label": "Show sold out"
      },
      {
        "type": "checkbox",
        "id": "prod_stock_warn_show",
        "label": "Enable low inventory",
        "default": true
      },
      {
        "type": "range",
        "id": "prod_stock_warn_limit_int",
        "min": 1,
        "max": 10,
        "step": 1,
        "label": "Low inventory limit",
        "default": 5,
        "info": "For single variant products only"
      },
      {
        "type": "header",
        "content": "Layout"
      },
      {
        "type": "range",
        "id": "block_width_int",
        "min": 150,
        "max": 350,
        "step": 50,
        "unit": "px",
        "label": "Tile size",
        "default": 250,
        "info": "Tile size may increase to fill the page"
      },
      {
        "type": "range",
        "id": "block_gut_int",
        "min": 10,
        "max": 20,
        "step": 5,
        "unit": "px",
        "label": "Margin between tiles",
        "default": 15
      },
      {
        "type": "header",
        "content": "Specific product thumbnail ratio"
      },
      {
        "type": "paragraph",
        "content": "This lets you set a fixed size for all the product block images. This can give a store a more uniform look."
      },
      {
        "type": "checkbox",
        "id": "adv_ratio",
        "label": "Enable fixed sizes"
      },
      {
        "type": "select",
        "id": "prod_thumb_img_ratio",
        "label": "Thumbnail image ratio",
        "options": [
          {
            "value": "66.67",
            "label": "Landscape"
          },
          {
            "value": "100",
            "label": "Square"
          },
          {
            "value": "150",
            "label": "Portrait"
          },
          {
            "value": "shortest",
            "label": "Shortest product"
          },
          {
            "value": "tallest",
            "label": "Tallest product"
          }
        ],
        "default": "150"
      }
    ]
  },
  {
    "name": "Search",
    "settings": [
      {
        "type": "select",
        "id": "search_type",
        "label": "Search only...",
        "default": "product",
        "options": [
          {
            "value": "product",
            "label": "Products"
          },
          {
            "value": "product,page",
            "label": "Products and pages"
          },
          {
            "value": "product,article",
            "label": "Products and articles"
          },
          {
            "value": "product,article,page",
            "label": "Products, articles and pages"
          }
        ]
      }
    ]
  },
  {
    "name": "Favicon",
    "settings": [
      {
        "type": "image_picker",
        "id": "favicon",
        "label": "Image",
        "info": "32 x 32px .png recommended"
      }
    ]
  },
  {
    "name": "Social media",
    "settings": [
      {
        "type": "header",
        "content": "Accounts"
      },
      {
        "type": "text",
        "id": "social_twitter_url",
        "label": "Twitter",
        "info": "https:\/\/twitter.com\/shopify"
      },
      {
        "type": "text",
        "id": "social_facebook_url",
        "label": "Facebook",
        "info": "https:\/\/facebook.com\/shopify"
      },
      {
        "type": "text",
        "id": "social_pinterest_url",
        "label": "Pinterest",
        "info": "https:\/\/pinterest.com\/shopify"
      },
      {
        "type": "text",
        "id": "social_vimeo_url",
        "label": "Vimeo",
        "info": "https:\/\/vimeo.com\/shopify"
      },
      {
        "type": "text",
        "id": "social_youtube_url",
        "label": "Youtube",
        "info": "https:\/\/youtube.com\/user\/shopify"
      },
      {
        "type": "text",
        "id": "social_instagram_url",
        "label": "Instagram",
        "info": "https:\/\/instagram.com\/shopify"
      },
      {
        "type": "header",
        "content": "Custom link",
        "info": "Upload a custom icon for your favorite social network"
      },
      {
        "type": "image_picker",
        "id": "social_custom_icon",
        "label": "Icon"
      },
      {
        "type": "text",
        "id": "social_custom_url",
        "label": "Link",
        "info": "https:\/\/socialnetwork.com\/shopify"
      }
    ]
  },
  {
    "name": "Currency",
    "settings": [
      {
        "type": "checkbox",
        "id": "show_multiple_currencies",
        "label": "Enable currency conversion",
        "default": true,
        "info": "Even though prices are displayed in different currencies, orders will still be processed in your store's currency."
      },
      {
        "type": "select",
        "id": "currency_format",
        "label": "Format",
        "options": [
          {
            "value": "money_format",
            "label": "Without currency ($10.00)"
          },
          {
            "value": "money_with_currency_format",
            "label": "With currency ($10.00 CAD)"
          }
        ],
        "default": "money_with_currency_format",
        "info": "The default currency will always show without the currency code, unless added to your Settings \/ Currency formatting"
      },
      {
        "type": "text",
        "id": "supported_currencies",
        "label": "Supported currencies",
        "default": "INR GBP CAD USD AUD EUR JPY",
        "info": "Use the country's ISO [currency code](http:\/\/www.xe.com\/iso4217.php). Separate your currency codes with a space."
      },
      {
        "type": "text",
        "id": "default_currency",
        "label": "Default currency",
        "default": "USD"
      }
    ]
  }
]